[
  {
    "id": "7854fc6f-2269-4a68-97aa-687f47914998",
    "paciente_id": "1",
    "medico_id": "4dd40932-d231-4545-ba2d-c50edc71f95a",
    "inicio": "2025-12-01T20:49:51.354834",
    "fim": "2025-12-01T20:49:51.354834",
    "status": "agendada",
    "observacoes": "Primeira consulta",
    "created_at": "2025-12-01T20:49:51.354834",
    "updated_at": "2025-12-01T20:49:51.354834"
  },
  {
    "id": "1",
    "paciente_id": "2",
    "medico_id": "4dd40932-d231-4545-ba2d-c50edc71f95a",
    "inicio": "2025-12-02T12:00:00",
    "fim": "2025-12-02T13:00:00",
    "status": "agendada",
    "observacoes": "",
    "created_at": "2025-12-01T21:22:37.455571",
    "updated_at": "2025-12-01T21:22:37.455571"
  },
  {
    "id": "2",
    "paciente_id": "1",
    "medico_id": "4dd40932-d231-4545-ba2d-c50edc71f95a",
    "inicio": "2025-12-02T17:30:00",
    "fim": "2025-12-02T18:30:00",
    "status": "agendada",
    "observacoes": "",
    "created_at": "2025-12-01T21:22:52.992905",
    "updated_at": "2025-12-01T21:22:52.992905"
  },
  {
    "id": "3",
    "paciente_id": "2",
    "medico_id": "4dd40932-d231-4545-ba2d-c50edc71f95a",
    "inicio": "2025-12-02T14:00:00",
    "fim": "2025-12-02T15:00:00",
    "status": "agendada",
    "observacoes": "",
    "created_at": "2025-12-01T21:23:15.802958",
    "updated_at": "2025-12-01T21:23:15.802958"
  }
]