[
  {
    "id": "9680082c-854e-4e00-8b65-efebdcdd0b30",
    "medico_id": "4dd40932-d231-4545-ba2d-c50edc71f95a",
    "dia_semana": "segunda",
    "hora_inicio": "17:56",
    "hora_fim": "18:57"
  },
  {
    "id": "09ce520a-c1ec-497d-896c-442f2d0fa644",
    "medico_id": "4dd40932-d231-4545-ba2d-c50edc71f95a",
    "dia_semana": "terca",
    "hora_inicio": "07:30",
    "hora_fim": "22:25"
  },
  {
    "id": "87705a1c-793a-41b3-b8c2-2d7e9ac9f511",
    "medico_id": "4dd40932-d231-4545-ba2d-c50edc71f95a",
    "dia_semana": "quinta",
    "hora_inicio": "18:22",
    "hora_fim": "20:24"
  }
]