[
  {
    "id": "4dd40932-d231-4545-ba2d-c50edc71f95a",
    "nome": "Dr. João",
    "crm": "12345-SP",
    "especialidade": "Cardiologia",
    "email": "joao@hospital.com",
    "telefone": "(11) 98888-1111",
    "created_at": "2025-12-01T20:10:08.117106",
    "updated_at": "2025-12-01T20:10:08.117106"
  },
  {
    "id": "ec2937b7-ef9f-4f55-a8d7-bd2531aa3c57",
    "nome": "Dra. Maria",
    "crm": "67890-SP",
    "especialidade": "Clínico Geral",
    "email": "maria@hospital.com",
    "telefone": "(11) 97777-2222",
    "created_at": "2025-12-01T20:10:08.117106",
    "updated_at": "2025-12-01T20:10:08.117106"
  }
]