[
  {
    "id": "2",
    "nome": "Paciente 2",
    "cpf": "10000000004",
    "data_nascimento": "1990-01-05",
    "email": "paciente2@example.com",
    "telefone": "(11) 90000-1004",
    "created_at": "2025-12-01T20:10:08.115105",
    "updated_at": "2025-12-01T20:10:08.115105"
  },
  {
    "id": "1",
    "nome": "Paciente 12",
    "cpf": "10000000003",
    "data_nascimento": "1990-01-04",
    "email": "paciente1@example.com",
    "telefone": "(11) 90000-1003",
    "created_at": "2025-12-01T20:10:08.115105",
    "updated_at": "2025-12-01T21:17:02.348089"
  }
]